{
  "historical": {
    "1": {
      "clt": 51.74514295833333,
      "temp": 55.52168224999999,
      "solar": 140.5522125,
      "pressure": 1019.4629833333333,
      "wind": 10.508165421467666,
      "cloudFraction": 0.5174514295833333
    },
    "2": {
      "clt": 52.86420320833333,
      "temp": 57.32095324999999,
      "solar": 179.07838708333335,
      "pressure": 1017.9402783333334,
      "wind": 10.38565169424525,
      "cloudFraction": 0.5286420320833333
    },
    "3": {
      "clt": 51.6587825,
      "temp": 59.690960750000066,
      "solar": 232.56255875,
      "pressure": 1016.7136933333334,
      "wind": 11.1708670426575,
      "cloudFraction": 0.516587825
    },
    "4": {
      "clt": 43.74905795833333,
      "temp": 62.803883750000054,
      "solar": 294.40773583333333,
      "pressure": 1015.60584375,
      "wind": 11.790986031672166,
      "cloudFraction": 0.4374905795833333
    },
    "5": {
      "clt": 42.1794435,
      "temp": 65.99462675000002,
      "solar": 315.50938625,
      "pressure": 1014.4379833333334,
      "wind": 11.58284369526075,
      "cloudFraction": 0.42179443499999997
    },
    "6": {
      "clt": 46.74966179166666,
      "temp": 69.38668475000003,
      "solar": 316.29299041666667,
      "pressure": 1014.2292595833335,
      "wind": 11.62705513665575,
      "cloudFraction": 0.46749661791666663
    },
    "7": {
      "clt": 55.77198225,
      "temp": 75.06911225000002,
      "solar": 295.20047833333336,
      "pressure": 1013.2265441666666,
      "wind": 11.442713823203167,
      "cloudFraction": 0.5577198225
    },
    "8": {
      "clt": 54.42757375,
      "temp": 76.47758375000004,
      "solar": 266.24097666666665,
      "pressure": 1012.7673574999999,
      "wind": 10.360749528250834,
      "cloudFraction": 0.5442757375
    },
    "9": {
      "clt": 46.00509975,
      "temp": 74.24002625000004,
      "solar": 237.75618916666667,
      "pressure": 1012.1718470833334,
      "wind": 9.326949217185334,
      "cloudFraction": 0.4600509975
    },
    "10": {
      "clt": 38.35014408333333,
      "temp": 70.24033175000001,
      "solar": 203.21925625000003,
      "pressure": 1013.6274054166668,
      "wind": 9.181920521092417,
      "cloudFraction": 0.3835014408333333
    },
    "11": {
      "clt": 39.493185875,
      "temp": 62.7187415,
      "solar": 161.41932541666668,
      "pressure": 1017.2583020833332,
      "wind": 10.202579984051416,
      "cloudFraction": 0.39493185875000003
    },
    "12": {
      "clt": 48.90096954166666,
      "temp": 57.157709000000054,
      "solar": 133.19357683333334,
      "pressure": 1019.8175508333334,
      "wind": 10.508544899697501,
      "cloudFraction": 0.4890096954166666
    }
  },
  "ssp245": {
    "1": {
      "clt": 50.471688416666666,
      "temp": 58.75706375000001,
      "solar": 143.01527708333333,
      "pressure": 1019.4369066666666,
      "wind": 10.317879486568001,
      "cloudFraction": 0.5047168841666667
    },
    "2": {
      "clt": 49.323851999999995,
      "temp": 59.84463350000002,
      "solar": 184.43345916666667,
      "pressure": 1018.2415008333332,
      "wind": 10.816555469011835,
      "cloudFraction": 0.49323851999999996
    },
    "3": {
      "clt": 47.685986791666664,
      "temp": 62.085810499999994,
      "solar": 239.28681958333334,
      "pressure": 1016.6373104166665,
      "wind": 11.455818880269668,
      "cloudFraction": 0.4768598679166666
    },
    "4": {
      "clt": 40.921740125,
      "temp": 65.12049125,
      "solar": 295.48559458333335,
      "pressure": 1015.425315,
      "wind": 11.756005024928502,
      "cloudFraction": 0.40921740125
    },
    "5": {
      "clt": 42.078373666666664,
      "temp": 68.21580950000008,
      "solar": 318.90998125000004,
      "pressure": 1014.5975941666666,
      "wind": 11.372161621058584,
      "cloudFraction": 0.42078373666666663
    },
    "6": {
      "clt": 49.39018266666667,
      "temp": 71.8253832500001,
      "solar": 314.42916583333334,
      "pressure": 1014.3128870833333,
      "wind": 11.655065046109835,
      "cloudFraction": 0.49390182666666665
    },
    "7": {
      "clt": 54.909696999999994,
      "temp": 77.58233300000006,
      "solar": 297.70591666666667,
      "pressure": 1013.9153608333332,
      "wind": 11.603834375932918,
      "cloudFraction": 0.5490969699999999
    },
    "8": {
      "clt": 56.96249925,
      "temp": 79.72637075000009,
      "solar": 270.0077245833333,
      "pressure": 1013.1883783333334,
      "wind": 10.594682254286584,
      "cloudFraction": 0.5696249925
    },
    "9": {
      "clt": 47.59238220833333,
      "temp": 77.63912300000003,
      "solar": 239.00519625,
      "pressure": 1012.4557620833333,
      "wind": 9.3083016565985,
      "cloudFraction": 0.47592382208333334
    },
    "10": {
      "clt": 40.28141395833333,
      "temp": 73.54231850000002,
      "solar": 201.25015333333332,
      "pressure": 1013.4032941666666,
      "wind": 8.853181906503085,
      "cloudFraction": 0.40281413958333334
    },
    "11": {
      "clt": 38.849689125000005,
      "temp": 66.08034275000001,
      "solar": 163.16634833333333,
      "pressure": 1017.2986962499999,
      "wind": 9.985793449718585,
      "cloudFraction": 0.38849689125000003
    },
    "12": {
      "clt": 45.388641,
      "temp": 60.122936750000044,
      "solar": 134.90639625,
      "pressure": 1019.3792333333334,
      "wind": 10.609423670245416,
      "cloudFraction": 0.45388641
    }
  },
  "ssp585": {
    "1": {
      "clt": 47.840590041666665,
      "temp": 60.343732250000016,
      "solar": 141.84472333333335,
      "pressure": 1019.5418308333333,
      "wind": 10.10294154081,
      "cloudFraction": 0.47840590041666664
    },
    "2": {
      "clt": 48.81482429166667,
      "temp": 61.36285700000002,
      "solar": 181.65316125,
      "pressure": 1017.7089295833332,
      "wind": 10.650352914822502,
      "cloudFraction": 0.4881482429166667
    },
    "3": {
      "clt": 45.11639366666666,
      "temp": 63.4148960000001,
      "solar": 238.89664875000003,
      "pressure": 1016.4745154166666,
      "wind": 11.261052755335085,
      "cloudFraction": 0.4511639366666666
    },
    "4": {
      "clt": 39.961421333333334,
      "temp": 66.70287050000005,
      "solar": 294.1572475,
      "pressure": 1015.20363,
      "wind": 11.625210919434501,
      "cloudFraction": 0.39961421333333336
    },
    "5": {
      "clt": 44.13989,
      "temp": 69.64630774999999,
      "solar": 313.87448083333334,
      "pressure": 1014.5858808333334,
      "wind": 11.2428897998375,
      "cloudFraction": 0.44139890000000004
    },
    "6": {
      "clt": 52.57412716666667,
      "temp": 73.18414175,
      "solar": 310.09768791666664,
      "pressure": 1014.7836883333333,
      "wind": 11.495784264683085,
      "cloudFraction": 0.5257412716666667
    },
    "7": {
      "clt": 59.530736708333336,
      "temp": 79.41704525000006,
      "solar": 293.1268054166666,
      "pressure": 1014.3223599999999,
      "wind": 11.433536981906002,
      "cloudFraction": 0.5953073670833333
    },
    "8": {
      "clt": 60.50883916666667,
      "temp": 81.53727050000003,
      "solar": 265.8988704166666,
      "pressure": 1013.9053216666666,
      "wind": 10.491406686413917,
      "cloudFraction": 0.6050883916666667
    },
    "9": {
      "clt": 49.82840708333333,
      "temp": 79.46449925000006,
      "solar": 235.5768070833333,
      "pressure": 1013.2689358333333,
      "wind": 9.308773939876584,
      "cloudFraction": 0.4982840708333333
    },
    "10": {
      "clt": 40.089029958333334,
      "temp": 75.84748775000004,
      "solar": 199.4646329166667,
      "pressure": 1013.5570416666666,
      "wind": 8.7226556652535,
      "cloudFraction": 0.40089029958333333
    },
    "11": {
      "clt": 39.43094925,
      "temp": 67.97752700000005,
      "solar": 160.16926166666667,
      "pressure": 1017.0011441666667,
      "wind": 9.83634518466475,
      "cloudFraction": 0.39430949249999997
    },